<Defs>
  <ConceptDef>
    <defName>Concept_SimpleSidearmsBasic</defName>
    <label>SS: Sidearms</label>
    <priority>50</priority>
    <highlightTags>
      <li>SidearmList</li>
    </highlightTags>
    <helpText>Simple Sidearms\n\nIn order to equip weapons as sidearms, rightclick them and select the Equip as sidearm option.\n\nSidearms are listed in the Sidearms gizmo that is displayed when a colonist with at least one weapon is selected. By default, colonists will automatically switch to range-appropriate weapons, and will switch to a melee weapon when engaged in close combat. This behaviour can be altered in the mod settings.</helpText>
  </ConceptDef>
  
  <ConceptDef>
    <defName>Concept_SidearmsInInventory</defName>
    <label>SS: Carried sidearms</label>
    <needsOpportunity>True</needsOpportunity>
    <priority>50</priority>
    <highlightTags>
      <li>SidearmInInventory</li>
    </highlightTags>
    <helpText>Sidearms with a gray background are currently in a colonists inventory and eligible for use. Left click to switch to them. Right click to drop.</helpText>
  </ConceptDef>  
  
  <ConceptDef>
    <defName>Concept_SidearmsPrimary</defName>
    <label>SS: Inactive primary weapons</label>
    <needsOpportunity>True</needsOpportunity>
    <priority>50</priority>
    <highlightTags>
      <li>SidearmPrimary</li>
    </highlightTags>
    <helpText>Sidearms with a golden background are designated as a colonists primary weapon, but are currently not used as such. They will switch back to them once out of combat.</helpText>
  </ConceptDef>
  
<ConceptDef>
    <defName>Concept_SidearmsMissing</defName>
    <label>SS: Missing sidearms</label>
    <needsOpportunity>True</needsOpportunity>
    <priority>50</priority>
    <highlightTags>
      <li>SidearmMissing</li>
    </highlightTags>
    <helpText>Sidearms with a dark purple background are currently missing from a colonists loadout. They will attempt to replace them at earliest opportunity, assuming any can be found. Right click to forget about the sidearm.</helpText>
  </ConceptDef>
  
  <ConceptDef>
    <defName>Concept_SimpleSidearmsAdvanced</defName>
    <label>SS: Advanced controls</label>
    <needsOpportunity>True</needsOpportunity>
    <priority>50</priority>
    <highlightTags>
      <li>SidearmListButton</li>
    </highlightTags>
    <helpText>Colonists can have sidearm use configured on an individual basis. Switching the top lock to red forces the pawn to continue using their primary weapon even if other ranged weapon would provide more DPS. Manually switching to a weapon automatically disables autoswitching - this behaviour can be disabled using the bottom lock.</helpText>
  </ConceptDef>

<ConceptDef>
    <defName>Concept_SimpleSidearmsDropping</defName>
    <label>SS: Dropping weapons</label>
    <needsOpportunity>True</needsOpportunity>
    <priority>1</priority>
    <helpText>Depending on the settings, Simple Sidearms can cause colonists to drop their weapons in a variety of situations (default is attacks in melee). Don't worry - your colonists will retrieve their weapons after the fight. \n\nThis is a customizable feature - take a look in the mod settings dialog to learn more.</helpText>
  </ConceptDef>
  
  <ConceptDef>
    <defName>Concept_CEOverride</defName>
    <label>SS: CE patch</label>
    <needsOpportunity>True</needsOpportunity>
    <priority>1</priority>
    <helpText>Combat Extended is loaded. SimpleSidearms inventory management functionality is disabled.</helpText>
  </ConceptDef>
 
 </Defs>  